{"cameraMode":{"drawMode":0,"name":"Shaded","section":"Shading Mode"},"sceneLighting":true,"audioPlay":false,"sceneViewState":{"showFog":true,"showMaterialUpdate":true,"showSkybox":true,"showFlares":true,"showImageEffects":true,"showParticleSystems":true},"in2DMode":false,"pivot":{"x":1.9170494079589844,"y":-12.464683532714844,"z":-10.028766632080079},"rotation":{"x":-0.1534881293773651,"y":0.5927602648735046,"z":-0.11634327471256256,"w":-0.7820128798484802},"size":27.41600227355957,"orthographic":false}